GeneSymbol	ENTREZ.ID	log2FC_rectum	pvalue_rectum
A4GALT	53947	0.682357941944718	0.0159640894105571
AADAC	13	-3.97164315611813	3.01782756274912e-13
ABCA12	26154	4.42301301898144	1.31876660368084e-14
ABCA4	24	-0.951289074716909	0.00758823527713373
ABCB1	5243	-0.694541468302688	0.00690647595816972
ABCC2	1244	-2.74904277459413	2.18361300179345e-13
ABCC9	10060	0.906418177829256	0.00240948103395991
ABCG5	64240	-3.29806148650365	3.86639468780636e-10
ABCG8	64241	-3.0402502517567	7.20718658316681e-10
ACE	1636	-1.12459615699505	9.3166054864323e-05
ACE2	59272	-1.0807830440377	0.000575052737155617
ACKR4	51554	1.40170971565891	0.000121404173196199
ACSL1	2180	1.0228815813858	0.000233126245240015
ACSL4	2182	1.06551705428217	0.000121581926583683
ACTBP2	62	0.609372972702458	0.0051467518423675
ACTG2	72	0.771358342088002	0.011871009710086
ADA	100	0.794460058042601	0.00252224516973037
ADAM12	8038	2.29036933394162	9.61885007194513e-08
ADAM33	80332	0.737438406086363	0.0120972437816653
ADAM8	101	1.26108287205054	4.16588485650956e-05
ADAMDEC1	27299	-0.785340245688619	0.00147769693662215
ADAMTS12	81792	1.64711948636198	2.26462294063822e-06
ADAMTS2	9509	1.96363266075604	1.22487247141992e-07
ADAMTS4	9507	3.01275562243269	5.51252279302755e-11
ADAMTS7	11173	0.917467652184919	0.000550684472915251
ADAMTS9	56999	0.813654491061223	0.00126572906641629
ADIRF	10974	-0.864141804157999	0.00052429001951381
ADM	133	1.20832850156404	3.99171728244978e-06
ADM2	79924	0.597833649277676	8.86730404331741e-05
ADRA2A	150	0.600821310250761	0.00383660351729179
AFAP1-AS1	84740	2.02471699827676	0.00166424141165167
AGMO	392636	-1.16641650518113	0.000293961385937455
AGPAT4	56895	1.03121046199845	3.96198236204749e-05
AGT	183	0.712372150370701	0.0256833262762056
AGXT2	64902	-3.69397245743768	1.82571040598565e-13
AIF1	199	0.947994407709093	9.28664613104339e-05
ALDH1A2	8854	1.29889008437714	0.00462225351261842
ALDOB	229	-3.37239101074437	8.16062806208341e-13
ALOX15	246	0.951036484768499	0.00359429807202033
ALOX5	240	0.671794403111545	0.00761542839753092
ALPI	248	-0.723384188112171	0.0104641989726323
ALPL	249	2.21928904025238	2.27380145786723e-08
ANGPT2	285	1.25901726157957	1.93743137313439e-05
ANGPTL2	23452	1.60762794776328	3.09089049764715e-06
ANGPTL4	51129	1.45645467643699	0.000118416127597709
ANK1	286	1.01052074133523	0.00399922865433461
ANKRD22	118932	0.844758321961761	0.0026359915577088
ANKRD36BP2	645784	0.911458809383976	0.00607320995575993
ANPEP	290	-1.44787413922076	0.00139814459869811
ANXA1	301	1.40565291163986	4.06262979636945e-07
AOX1	316	1.67266732306824	2.9557306122572e-05
APBA2	321	0.812331134727278	0.00457057444684602
APIP	51074	0.720108600471411	2.10595672532616e-06
APOA1	335	-3.41608860881787	4.72423197521249e-08
APOA4	337	-3.31710474817063	4.36889083178688e-08
APOB	338	-4.31097812247446	1.42280404043804e-15
APOBEC3A	200315	2.62583553322628	5.50193416400668e-07
APOBEC3G	60489	0.70637971247445	0.00435187430916204
APOC1	341	0.990601325855055	0.00170996125408038
APOC3	345	-2.06213368372144	0.000498469456070194
APOE	348	0.604540936123459	0.0312476774910611
APOL1	8542	1.4148556639505	3.99246552214798e-11
APOL2	23780	0.881030323486172	6.07183452009044e-08
APOL3	80833	0.995725539508459	2.33923213404676e-05
APOL4	80832	0.88014349667633	0.000442366604724953
AQP9	366	8.75175335108655	1.49239007756651e-36
ARG2	384	-0.874084826135537	0.00585405245223444
ARHGAP9	64333	0.701914343363549	0.0138659263836049
ARID5A	10865	0.83565401963467	0.000912667612993325
ARNTL2	56938	1.01471197203474	1.07698785772408e-05
ARRB2	409	0.613546877306924	0.00193213743679392
ASAH2	56624	-0.861855974036593	0.00795632731149498
ASPA	443	-0.992509881367906	0.000185756868615446
ASPG	374569	-0.886654220657982	0.0127930839139048
ASS1	445	1.14954461885481	9.10697142498974e-07
ATF3	467	0.845340276879306	0.00800585608100085
AZGP1	563	1.00077838779429	0.00025149388461239
BACE2	25825	0.863263072647303	8.708977181921e-07
BATF	10538	1.12899372070613	0.000846059626709773
BATF2	116071	0.987945826997232	1.66341681607354e-06
BCAT1	586	1.00473943172128	0.00179517755459786
BCL2A1	597	1.83137478717612	2.88886308047214e-06
BCL3	602	0.759552513724763	6.79607620459055e-06
BCL6	604	0.742345886451936	0.00819958671339719
BCL6B	255877	0.620066124828965	0.00599768917844572
BGN	633	1.74673636908097	1.18387630869956e-06
BHLHE22	27319	1.20139428128937	0.00103651040760789
BHLHE40	8553	0.649749311940468	0.000280985698160841
BIRC3	330	0.916039003382041	6.13026712877904e-05
BNIP3	664	0.644047232388221	0.00240322103448504
BST2	684	0.782378003811849	0.000923082180858577
BTN3A3	10384	0.601671731512482	0.000227774604580027
C11orf96	387763	0.780639066794964	0.0060949487373962
C17orf78	284099	-4.63305084450558	4.06840715863745e-17
C19orf38	255809	1.27638771761247	3.79792686937114e-05
C1R	715	0.735530966061997	0.00739069220879145
C2	717	1.30848650762166	2.2141219331297e-07
C2CD4A	145741	2.27082410599695	1.9260069857938e-10
C4A	720	0.837915787203067	0.0147218117898441
C4B	721	0.947565562134698	0.00398414847907431
C4BPA	722	2.54371883684418	8.55370767506552e-09
C4BPB	725	3.0985661851589	5.40598418128246e-18
C5AR1	728	1.52631952519885	1.14381297074291e-05
C6orf223	221416	3.16630375854652	1.55303260859965e-17
CA9	768	0.932656981032271	0.0055294407470899
CACNA1C	775	0.76636954993042	0.00101628471203763
CARD16	114769	0.662690668716412	1.08029010400005e-05
CARD6	84674	0.72727798784595	0.00108621968609217
CASP1	834	0.993392082634352	4.01755020838709e-09
CASP10	843	0.716943226299851	6.02297267830932e-06
CASP4	837	0.700874734788821	0.000587549888733488
CASP5	838	1.65922721756899	2.35838099967337e-08
CASS4	57091	1.23448819559163	1.1816408116385e-05
CATSPERB	79820	0.867787747258396	3.8268660012396e-05
CBLN2	147381	-0.697101396143945	0.00627405891719417
CBR3	874	0.891355028368522	0.000189447665663289
CBS	875	-0.599250452017558	0.0323865189970755
CCDC3	83643	1.15055752362905	0.00016740734557398
CCDC88B	283234	0.777329450689427	0.00025643363452613
CCL11	6356	2.385051938358	1.30181325236341e-09
CCL13	6357	0.814208795756177	0.0260809750720121
CCL18	6362	1.53569446324424	0.000447894270876669
CCL2	6347	1.19501566930206	0.00040938009700452
CCL20	6364	1.54054384896757	6.62072504578826e-05
CCL24	6369	0.621247025861653	0.00709423365393583
CCL25	6370	-2.34769296864075	4.27063514413231e-06
CCL3	6348	2.41456689504758	4.33441421966233e-09
CCL4	6351	2.17571244469008	4.70821729727229e-09
CCR1	1230	1.17518792349446	4.7483523117334e-05
CCR5	1234	0.765806669850776	0.000351625119748935
CCR9	10803	-0.922744569272283	0.000792724378078787
CD163	9332	0.628947883945397	0.0219485842470279
CD248	57124	0.6991461579377	0.013702471936358
CD274	29126	2.31933016388057	1.10502657944748e-12
CD300A	11314	0.769487437933879	0.00110949530258584
CD300C	10871	0.73506774214371	0.00480424319882897
CD300E	342510	5.02851524328473	4.12926708562099e-17
CD300LF	146722	0.756216158967055	0.000891421476258061
CD38	952	1.01375100913596	0.00106428675268407
CD40	958	0.8968961037657	0.000729725907554009
CD44	960	0.775562641182266	0.000601091138059293
CD48	962	0.804449720080352	0.00779939119878656
CD53	963	0.744801325301556	0.0106904377002094
CD55	1604	1.52547264419982	9.63701624727329e-08
CD80	941	1.52470210335313	2.37714118834377e-05
CD83	9308	0.727211637981556	0.0409848533000767
CD93	22918	0.671319835353791	0.00756706233764984
CDC25B	994	0.813504021694563	1.36757644562017e-05
CDC42EP2	10435	0.838846069963193	0.000151919974493092
CDH3	1001	2.17568652992732	3.07291792528706e-07
CDH5	1003	0.82375411297131	0.000462086274353886
CEACAM1	634	0.628399838548812	0.0152712917618104
CEACAM20	125931	-3.58767133331397	5.34855883298803e-14
CEACAM21	90273	0.666544504404453	0.0145829062918243
CEACAM6	4680	0.877183825667913	0.00425474549810327
CEBPB	1051	1.00537369592755	0.000111761209647949
CERCAM	51148	0.631866483875497	0.0149591793453455
CERKL	375298	-0.895591682047038	0.000267479849088198
CFB	629	1.74257153325168	1.5014218457366e-09
CFI	3426	1.2702623448722	2.9755236215146e-05
CFP	5199	0.848964665261561	0.00570384082064191
CGREF1	10669	0.623174613594611	0.010949215175764
CH25H	9023	0.812173842597938	0.00398646540831034
CHAC1	79094	2.07370195176971	4.52231059854105e-12
CHI3L1	1116	6.12091754481744	1.64069871141028e-22
CHI3L2	1117	1.90406023902703	0.000130058617205922
CHN1	1123	0.744757913309584	0.0219286782311709
CHN2	1124	-0.603710557513329	0.00383853352507384
CHRDL2	25884	3.00377772974237	5.43321985988447e-09
CHST11	50515	0.687854522157332	0.00957527363995357
CHST15	51363	0.652730967775408	0.0131283461677167
CHST2	9435	1.01832104142632	0.000813421811170737
CHST3	9469	0.947404875975588	0.000135264016803723
CIDEB	27141	-0.638224216504676	0.00219438085198143
CIITA	4261	0.738585382986241	0.00337984051833569
CLC	1178	1.7382086346927	6.36567033206915e-07
CLDN1	9076	1.04966893071198	0.0013201365330456
CLDN15	24146	-0.977844564644827	7.88138721388312e-06
CLDN18	51208	3.50271724166946	3.37570496331479e-10
CLEC12A	160364	1.78058626603012	6.15692116085637e-08
CLEC1A	51267	0.70234123722348	0.00520624926851729
CLEC2B	9976	1.06314087279635	0.000185485815157922
CLEC4A	50856	1.26517168520032	3.55343383186585e-05
CLEC4E	26253	5.06833292144533	2.10060518508837e-19
CLEC7A	64581	1.15983949764445	4.16845901010389e-05
CMA1	1215	-0.641747998958641	0.0462666563800441
CNTFR	1271	-1.03893015046695	0.00878711580582715
CNTN1	1272	-0.716746120870461	0.00914763876974459
CNTN4	152330	-0.6228106778112	0.00218363206647661
COL12A1	1303	1.75513908743154	6.75034241630969e-06
COL15A1	1306	0.962557302101635	0.00184281719638413
COL18A1	80781	1.11854070847082	0.000233095818540276
COL1A1	1277	1.67387089959276	6.12968497051097e-06
COL1A2	1278	1.17977438213969	0.000238159075921359
COL23A1	91522	1.744015835361	1.39582180088228e-07
COL3A1	1281	0.97362352666205	0.00235676879065534
COL4A1	1282	1.50757013780664	1.31462248673602e-06
COL4A2	1284	0.894443393848511	0.000512582771381619
COL5A2	1290	0.994962624242354	0.00120914098758858
COL5A3	50509	1.71504946701922	8.61218040640845e-08
COL6A1	1291	0.820325634743093	0.00383226579774555
COL6A3	1293	1.44976537176844	4.2210817775266e-06
COL6A5	256076	0.919781523511845	0.0480128470084825
COL7A1	1294	3.18595976212997	8.40768775194921e-11
COL8A1	1295	2.19830455871299	2.90612536195154e-06
CPA2	1358	-1.20152552340354	0.00108641478649976
CPO	130749	-4.45314902224437	5.20889630659612e-18
CPS1	1373	-1.70831226950695	0.000112383997069749
CPXM1	56265	2.62723681114822	1.47618457446815e-11
CREB3L3	84699	-1.38565927903296	0.000332681647631469
CREB5	9586	1.24442590230447	0.000125878347681902
CRELD2	79174	0.593030755513929	0.000693028648494279
CRIP2	1397	0.594628247416066	0.0195282958582583
CRTAM	56253	0.659947402549845	0.0114152894685717
CSF2RB	1439	1.17773707559055	0.000329903389189713
CSF3	1440	7.5727002659434	5.41048099544258e-21
CSF3R	1441	4.092276037006	1.24466541615714e-17
CSGALNACT1	55790	1.15926046312836	0.00033844054365061
CST7	8530	1.30089254800825	2.56927209627558e-05
CSTA	1475	0.846816291290298	0.0132945916623737
CTHRC1	115908	2.35405296414464	1.04670746991261e-08
CTLA4	1493	1.1684547414437	0.00497301601667674
CTSK	1513	1.20594528674034	0.000132663770339371
CUBN	8029	-4.04497164829496	9.94172025301833e-17
CXCL1	2919	3.9859613095299	8.05439800661596e-19
CXCL10	3627	3.25960698456338	7.91693166891775e-14
CXCL11	6373	3.76615604278049	2.6864582078656e-15
CXCL2	2920	3.20406907690736	4.49494075177246e-14
CXCL3	2921	2.92699314847112	2.78478934872432e-12
CXCL5	6374	5.9278418213062	1.01433722252502e-22
CXCL6	6372	3.68549219726447	4.91131944990402e-16
CXCL9	4283	3.22652661376724	1.1259719533471e-11
CXCR1	3577	6.51551174125325	2.15701978733903e-23
CXCR2	3579	4.63974930182808	5.24770682402916e-18
CXCR2P1	3580	1.75511266259969	3.96926540651146e-07
CXCR4	7852	0.973488257615783	0.0190568512657121
CXCR6	10663	0.922056004042199	5.17785385356224e-05
CYBB	1536	0.667533401529412	0.0123238610559026
CYBRD1	79901	-0.804469409865811	0.00184236849468405
CYP1B1	1545	0.960126690986393	0.00306473730805729
CYP27B1	1594	1.37808060447868	8.64878740630257e-06
CYP2B6	1555	-1.01842391303955	0.00117233644895032
CYP2C19	1557	-1.83975264369671	2.2007766272827e-06
CYP2C8	1558	-0.934782569568884	0.0239918162329749
CYP2C9	1559	-2.51694163258669	2.29590434691465e-08
CYP2D6	1565	-1.76719566825888	1.13693210493788e-05
CYP3A4	1576	-3.08186369864618	6.10384066768601e-12
CYP3A7	1551	-0.845966958953568	0.00561696178134517
CYP4F2	8529	-2.78328896187517	6.15955940082494e-11
CYP4X1	260293	0.811243494830629	0.000191067478097026
CYP7B1	9420	1.18991093647554	0.000620069349748058
CYSLTR2	57105	0.757839547469115	0.00246243176554316
CYTH4	27128	0.823833495259787	0.00193682622045348
DAB1	1600	-2.42850429983019	6.93229535480558e-09
DAPP1	27071	1.26694897728619	2.14274977111314e-05
DEFA5	1670	-1.50444308278603	0.00249263233365075
DEFA6	1671	-1.28681007087383	0.01194294099576
DEFB4A	1673	8.88486139090698	3.43341509455547e-19
DERL3	91319	1.11275347613495	0.000437526111992077
DHDH	27294	-2.47173549084198	3.92636061504583e-10
DIO2	1734	1.44261969371968	0.000118532705320497
DMBT1	1755	2.23222520440032	5.16734114142634e-08
DMRTA1	63951	-0.886359543660145	0.00181622113375455
DNAJC5B	85479	0.702516985948378	0.0240011682291878
DNASE1	1773	-0.858052395924503	0.000212757975345493
DOK2	9046	0.66617996593418	0.00252435879376088
DOK3	79930	0.722973159702975	0.0280569259825747
DPEP1	1800	-3.41861776553483	1.50576064131815e-11
DPP4	1803	-0.781071430473193	0.00141865811515911
DRAM1	55332	0.928685297879064	8.03312850644204e-05
DSE	29940	0.64305314172318	0.00932135991076521
DSG3	1830	1.23465020764564	0.005230445308333
DUOX2	50506	3.20625614853361	8.8011726494822e-10
DUOXA2	405753	5.81481546303843	3.20941763021455e-22
DUSP1	1843	0.875401779187903	0.000700817827082591
DUSP10	11221	0.602994517785987	0.00193582987958517
DUSP14	11072	0.646223959346859	0.00275993177251985
DUSP2	1844	0.716376661651912	0.0426487040954155
DUSP4	1846	0.889036542086038	0.000746351153561386
DUSP5	1847	0.67908011500348	0.00223099059724825
DYSF	8291	1.33312851964132	3.54549148395957e-06
ECSCR	641700	0.802306643583257	0.00485271814278289
EDN2	1907	-0.941889380838723	0.00308150077361272
EDNRA	1909	1.05529016276178	0.00104265986429072
EGFL6	25975	2.1477579396253	4.45010876111916e-06
EGFL7	51162	0.658978770014178	0.00528336463883887
EGFR-AS1	100507500	-2.51898976831382	1.82722107068316e-11
EGLN3	112399	0.666965656335687	0.000517183532013746
EGR2	1959	1.22302434655727	9.32223337540118e-05
EGR3	1960	1.13114200112673	0.00132507049705608
EHD3	30845	0.97223113425219	0.00150140991564658
ELL2	22936	0.624887835176086	8.99678356367305e-05
EML1	2009	0.586317735444488	0.015783306209607
EMP3	2014	0.775372767927615	0.00387329535810057
ENG	2022	0.728785158717885	0.00280741228532221
ENKUR	219670	2.13034113963902	1.91978334088661e-09
ENPEP	2028	-3.82578326306868	1.66995829540826e-15
ENPP7	339221	-2.69792960021457	9.85636123976785e-08
ENTPD1	953	0.593855585938442	0.0141277437617186
ENTPD3	956	1.15978094312321	0.00018799635782553
EPSTI1	94240	0.668221496582464	0.000657558156003099
ERAP2	64167	1.31666142209064	0.000352686179499951
ESRRG	2104	-1.24955472742826	1.6303441348377e-05
ETV7	51513	1.12673294817568	3.59964785392993e-08
F13A1	2162	-0.607982017948295	0.0328531037074354
F2RL2	2151	0.921298622103611	0.00572649637775523
FABP6	2172	-3.89173368270948	3.68251450000776e-11
FADS1	3992	1.11328346129636	0.000126295198771006
FADS2	9415	0.648533521280749	0.0365103011156502
FADS6	283985	-1.52698522975424	0.000569025572941071
FAM151A	338094	-1.93068291258688	9.13519020582872e-06
FAM167B	84734	1.15497698953516	5.43211107839534e-06
FAM20A	54757	2.07499456470003	1.24219498877454e-07
FAM83A	84985	3.26231515841465	7.36278477050399e-12
FAP	2191	3.31109034444894	5.1849481050055e-12
FBN1	2200	0.724300763505925	0.0104214191729493
FBXO6	26270	0.892641638953935	6.74029762637689e-08
FCER1A	2205	-0.644064727380173	0.0122422969942492
FCER1G	2207	0.781455071524733	0.00261122677848363
FCGR1A	2209	2.81958483463637	4.06782874322791e-11
FCGR2A	2212	1.52665814346874	2.55298708549653e-05
FCGR3A	2214	2.14927841293401	1.80665031099847e-08
FCGR3B	2215	7.09315560014334	3.30132502381763e-30
FCN1	2219	3.86508118216657	1.05014126049011e-14
FCRL5	83416	0.92837701326749	0.0163961694159318
FER1L4	80307	1.59986810513358	3.65196352656371e-05
FEZ1	9638	0.629118775883725	0.0045029142096065
FFAR2	2867	3.61296797468956	4.97581483487222e-18
FGD2	221472	0.63591739240996	0.0158017018573363
FGF7	2252	0.990672377926173	0.00402323950819363
FGF9	2254	-0.735345017728415	0.000477140329675036
FGFBP1	9982	0.701887948974199	0.0426928454384038
FGR	2268	2.21064525306446	2.7994845664415e-09
FIBIN	387758	1.70822882332052	2.78603712511472e-05
FKBP10	60681	0.703188419121347	0.00511957270453003
FKBP11	51303	0.884969134024805	5.54983714667341e-05
FLNC	2318	0.623650221386707	0.0202759896710097
FLVCR1	28982	-0.935793756032445	2.99733851589131e-05
FMNL1	752	0.777423506437357	0.00636829948916503
FMO1	2326	-1.84374256484104	0.00166535225090929
FOLH1	2346	-1.40394157695043	0.00492168255411764
FOXP3	50943	1.25011848576896	0.000702465830812527
FPR1	2357	5.98117506485312	1.47808652549655e-26
FPR2	2358	6.53650906175319	9.48618482751784e-26
FREM1	158326	-1.19971801358032	4.02282289117098e-05
FSCN1	6624	0.719319831928292	0.0138321538784029
FSTL1	11167	0.740418972548193	0.00407066801411415
G0S2	50486	1.63849309378341	1.16547708069783e-05
GABRB3	2562	-0.794288505803096	0.0109733803657662
GADD45B	4616	0.855176568652898	0.000251299435903709
GALNT14	79623	-0.795370768064825	0.0262162238891667
GALNT15	117248	1.37145714424688	0.000198174001449515
GALNT18	374378	0.64161295232178	0.000215365458180171
GALNTL6	442117	0.812943624508226	0.03184739247541
GAS1	2619	3.23001543458829	6.15328359773961e-10
GATM	2628	-0.881570959773205	0.000212405109538509
GBA3	57733	-1.86256086744955	2.59726394270877e-07
GBP1	2633	2.15284977013939	2.68158990174979e-13
GBP1P1	400759	1.85752478858266	9.41588206221676e-07
GBP2	2634	0.962324028771963	1.71876201796311e-08
GBP4	115361	1.5412628184124	8.80913415345079e-08
GBP5	115362	2.56104378135636	3.95685567388549e-11
GCNT4	51301	-1.31306244470516	5.94420151935058e-06
GEM	2669	0.588027524019446	0.0177782432895691
GFPT2	9945	1.47978701386829	0.000196755819090721
GJA4	2701	0.965283247553752	0.00251883171130673
GJA5	2702	1.62638243849985	9.67709344482829e-07
GJC1	10052	1.01359684080514	0.00154690699813486
GLRX	2745	0.711233897343832	9.27595292053293e-05
GMFG	9535	1.47806226858122	3.90927286452341e-06
GMPR	2766	0.771625363731456	2.86669419319215e-05
GNA15	2769	1.30525898555819	2.5033968347653e-06
GNG4	2786	-0.747324521502049	0.00445173339836885
GNLY	10578	0.900576201085156	0.00103125566453393
GOLT1A	127845	-0.949771574756916	4.0914328358776e-05
GPD1	2819	-1.7759570475374	1.51812265137117e-08
GPR132	29933	0.773226396846391	0.00622533467603782
GPR171	29909	0.766411395514534	0.000573807731556604
GPR176	11245	1.05420812026504	0.00189207897032913
GPR65	8477	0.689959084095456	0.00817403797971837
GPR68	8111	0.819721178893325	0.00157984943618598
GPSM3	63940	0.987398013597868	0.000702893582705554
GPX8	493869	0.725311520295681	0.00124341696167493
GRAMD1B	57476	-0.783286183152636	0.00711663258878892
GREM1	26585	1.04505293246714	0.0118695415174502
GRHL1	29841	0.78830513660678	0.0010715019773812
GRIA4	2893	-0.703679619007478	0.00583415834955724
GRIN3A	116443	1.46395927777231	6.67564095374839e-06
GRINA	2907	0.598408620510467	4.12455219675622e-05
GSTA1	2938	-2.80815285344915	3.4458216411397e-13
GSTA2	2939	-3.93975087769378	3.024387789419e-14
GZMB	3002	2.57687328564383	2.81154876349265e-11
GZMM	3004	0.614864083195672	0.025260559826912
H19	283120	1.73958080386555	1.25754071576069e-05
HAPLN3	145864	2.11488354056355	1.16275577339158e-07
HBEGF	1839	0.775623182949088	0.0224495258007996
HCAR2	338442	5.18261661549071	1.44236061454094e-22
HCAR3	8843	6.62367489955132	6.13521241276276e-28
HCK	3055	1.082578215322	2.50543136803224e-05
HCST	10870	0.74374215093635	0.0034379878792197
HDC	3067	0.624253266760054	0.0313750537190164
HEBP1	50865	-0.691059586924609	0.000171309277282713
HELZ2	85441	0.630183222607401	0.000301485766806531
HGF	3082	1.21889275652726	0.000159697107348509
HIF1A	3091	0.690855129576639	0.00016664459128596
HK2	3099	0.69639655725587	0.00784643811061259
HK3	3101	2.00591254811103	1.24800881964709e-09
HLA-B	3106	0.595174753551888	3.07657528784577e-05
HLA-C	3107	0.592960098923353	2.64612804877916e-06
HLA-DMA	3108	0.598462707785261	0.0010053444352839
HLA-DQB1	3119	0.677909663612649	0.015208816861372
HLA-DRB6	3128	0.58729984940057	0.0107984930563071
HLA-E	3133	0.606726178602495	1.1131881268527e-06
HLA-F	3134	0.938692495596301	2.45329341064417e-07
HLA-H	3136	0.900587093182472	0.00118138376683675
HLA-L	3139	1.0128398129765	0.000185731373974085
HMCN2	256158	0.666500485025326	0.000485581516154877
HSD11B1	3290	2.14061686612741	5.33309233694993e-07
HSD3B1	3283	-1.9494489401728	4.28640349128629e-06
HSPA12B	116835	0.666627055297702	0.00454612531394776
HSPA6	3310	0.942609611576319	0.00418084756099447
HSPB8	26353	0.618906676959524	0.0271941505067736
HTR1D	3352	-1.21046152836354	0.0020766994926448
HTRA3	94031	1.23017918248569	0.000158390908064618
HYAL1	3373	0.958129736033009	4.45345821326583e-05
ICAM1	3383	1.69244231015126	3.37378606112012e-08
ICOS	29851	0.745363341645632	0.0336193663775552
IDO1	3620	3.73620907547296	4.05957348593428e-17
IER3	8870	0.906060837948022	0.00617792867218709
IFI27	3429	0.677243049088287	0.000857613761573114
IFI44	10561	0.800764934106054	0.000342499473004429
IFI44L	10964	1.22292417348237	7.5767901442987e-05
IFIT2	3433	0.841681652011426	3.60560274843548e-05
IFIT3	3437	1.27786023161474	5.81321151834664e-08
IFITM1	8519	1.78651604983954	1.93082016885771e-10
IFITM2	10581	1.12299620196436	1.32197228968001e-05
IFITM3	10410	1.46765013987712	8.94829704396479e-09
IGDCC4	57722	0.725009585025764	0.0142264656198911
IGFBP5	3488	1.42841875304509	2.70038948849797e-05
IGHG1	3500	1.80398889069401	0.000266726955214834
IGHG2	3501	1.86300794339423	0.000158760596865984
IGHG3	3502	3.13567564004877	4.76814739470525e-09
IGHGP	3505	2.52026088515212	2.07199396183112e-06
IGHJ3P	28478	0.711068934370997	0.0373784327494038
IGHJ4	28477	1.0629818897215	0.0104010895415106
IGHJ5	28476	1.028473166989	0.00545109390546523
IGHJ6	28475	1.05524976971676	0.00313598148643697
IGHM	3507	1.8177621576263	1.09386086793883e-05
IGHV1-18	28468	0.875147141287106	0.0140524658064781
IGHV1-24	28467	1.90638029615569	1.02435328573503e-05
IGHV1-3	28473	1.00585360106143	0.0337181309304733
IGHV1-46	28465	0.776546470114634	0.0342661962664697
IGHV1-58	28464	1.26076889449575	0.00276660957121197
IGHV1-69	28461	0.92869033918286	0.0177642952295789
IGHV1OR15-3	646370	1.04140803104124	0.01900077960903
IGHV2-26	28455	1.41927705030479	0.000373633068607671
IGHV2-70	28454	1.06927512477737	0.00835823836449117
IGHV3-13	28449	0.98172683794861	0.0102788080924694
IGHV3-15	28448	1.40798845778835	0.000251633253618338
IGHV3-21	28444	0.948374335340485	0.00511246040637638
IGHV3-23	28442	0.972240495619577	0.00525868419652853
IGHV3-33	28434	0.753653296599122	0.0275788495932061
IGHV3-43	28426	1.02608375767842	0.0183551835486775
IGHV3-49	28423	0.966155981000947	0.00961560023876302
IGHV3-53	28420	0.752383166683136	0.0486373555720206
IGHV3-64	28414	1.19631827462669	0.00712243398060636
IGHV3-7	28452	1.02934370648779	0.00317289520482814
IGHV3-72	28410	1.05808046758485	0.0032649430933086
IGHV3-73	28409	1.27511539747744	0.00103702882992439
IGHV3-74	28408	1.58021668027091	8.22237598108625e-06
IGHV3OR16-13	100287372	2.22769630745298	8.86333513024183e-06
IGHV3OR16-8	388255	0.916349570585162	0.0105518987553201
IGHV3OR16-9	28307	0.943537384033009	0.00625710476643785
IGHV4-28	28400	1.56133854757609	3.85994966021512e-05
IGHV4-34	28395	1.46907675803998	0.000312904978522293
IGHV4-39	28394	0.851262826775107	0.0212932412236368
IGHV4-4	28401	0.885957325528058	0.0430663758125617
IGHV4-59	28392	0.737616303331681	0.0253828988877274
IGHV5-51	28388	0.929714276759662	0.00680455097817457
IGHV6-1	28385	1.45819209562183	0.000161641178657615
IGKJ4	28947	1.65286059532665	0.000141843851764699
IGKV1-12	28940	1.13950143369341	0.00120581131330805
IGKV1-16	28938	1.23899324791544	0.000565091978714952
IGKV1-17	28937	1.04160632550773	0.00409962572895086
IGKV1-27	28935	1.11266693961831	0.00207118938134677
IGKV1-39	28930	1.30117443491799	0.00589003558681041
IGKV1-5	28299	0.963970875099675	0.00516137369187663
IGKV1-6	28943	1.2507993734737	0.000742410450338679
IGKV1-8	28942	1.6636365406639	3.15964321781584e-05
IGKV1-9	28941	1.16864303358348	0.00127188588522375
IGKV1D-12	28903	1.20855548577797	0.00308247500699184
IGKV1D-16	28901	1.48329082685393	0.000248033879303885
IGKV1D-39	28893	1.31997853611303	0.00476793152377619
IGKV1OR2-108	28862	0.821158512333917	0.0361697414436606
IGKV2-24	28923	1.06159115209133	0.00587977523296821
IGKV2-29	28920	1.30045672784732	0.0460181915299931
IGKV2-30	28919	1.10182757505302	0.00229521494557545
IGKV2D-24	28885	1.23367407841744	0.0024301167912288
IGKV2D-28	28883	1.88763863898175	0.000270962092948085
IGKV2D-29	28882	1.28745402706915	0.00167536650960677
IGKV2D-30	28881	1.51101957234917	0.00117561538540581
IGKV2D-40	28878	1.42676990703064	0.00218127489678098
IGKV3-11	28914	0.978824682093325	0.00444083646830836
IGKV3-15	28913	0.97384781292886	0.00753763691695843
IGKV3-20	28912	1.14170415732112	0.000824777543670289
IGKV3D-11	28876	1.20973543379685	0.00170323041273931
IGKV3D-15	28875	0.725478200665721	0.0292646952504533
IGKV3D-20	28874	1.25348262578973	0.000735769983836968
IGKV3OR2-268	3523	0.843347539524162	0.0219200689111866
IGKV4-1	28908	1.13901073487685	0.00119777189319188
IGKV5-2	28907	1.1911072149515	0.00139168380988348
IGKV6D-21	28870	1.43250493413599	0.000400851526199682
IGLL5	100423062	0.80932279056331	0.0249949828954787
IGLV1-40	28825	0.823229844191378	0.022417052879057
IGLV1-51	28820	1.40384102303001	0.000448416655738167
IGLV2-11	28816	0.8218491214965	0.0174543291844035
IGLV2-14	28815	0.830251826078046	0.0180876727384569
IGLV2-18	28814	0.959926572446777	0.0156364441319797
IGLV2-23	28813	0.798879499121263	0.0211495623197514
IGLV2-8	28817	1.25617959010396	0.000928090280867509
IGLV3-21	28796	0.916312896017606	0.0150066808141612
IGLV3-9	28804	1.13908536699619	0.00612478875017092
IGLV5-37	28783	1.87849914334833	0.000126038579858939
IGLV5-45	28781	1.0852907915564	0.00546016559670265
IGLV7-43	28776	0.767891803204883	0.0436791237249979
IGLV8-61	28774	1.42763047088117	0.00072501524525558
IGLV9-49	28773	0.963807519083585	0.0337672354789397
IGLVI-70	28763	1.55658590950479	0.00115695170927829
IGSF10	285313	-0.667091833176939	0.00313440913167455
IGSF23	147710	-2.57299409992858	9.52633563213442e-08
IGSF6	10261	1.4865107440271	7.48621407625327e-07
IKBIP	121457	0.605402376389146	0.00285679327813161
IL11	3589	5.90594354846463	4.01726839803235e-16
IL12RB1	3594	0.746924989658751	0.00212674490421706
IL12RB2	3595	1.09819797316043	6.83240749278398e-05
IL13RA2	3598	2.7999431894448	2.66637836592085e-08
IL15RA	3601	0.778820277497081	3.09249722024157e-07
IL18R1	8809	0.634383570450412	0.0023350896858781
IL18RAP	8807	1.33133335965529	3.90995246488556e-07
IL1A	3552	3.64893118805089	1.03421857271665e-10
IL1B	3553	4.68672124430653	2.32928708040346e-17
IL1RAP	3556	0.599425375235719	0.00320201401459546
IL1RL1	9173	0.680182040851457	0.0403275019331992
IL1RN	3557	3.51801393583658	7.77871401589382e-14
IL21R	50615	0.936781462441737	0.017369988958548
IL24	11009	8.92166740997199	1.36897763488199e-16
IL2RA	3559	1.40039894886579	0.000117739444177242
IL3RA	3563	0.619765575919356	0.0127328078643497
IL4I1	259307	1.3184233671224	0.000203201132605791
IL6	3569	5.05328946318539	7.80255462069504e-15
IL7R	3575	0.941605302590195	0.00306135389105693
INHBA	3624	4.50300014373369	2.12919830650226e-16
INSC	387755	0.955866950642941	0.000419405326817422
INSIG1	3638	0.722887531244271	3.0913040346853e-06
IRAK2	3656	0.668732265777105	0.00120441665443268
IRAK3	11213	0.665040345034399	0.00600140282756562
IRF1	3659	1.102174025763	4.10320673870691e-11
IRF7	3665	0.62423634013072	0.00192456950877051
IRF9	10379	0.597235641670649	0.00978394175318706
ISG15	9636	0.767090313325877	0.00238198555048729
ISG20	3669	1.28170169527548	4.77397167123349e-08
ITGA5	3678	1.33331230365627	7.35469868648944e-06
ITGAM	3684	0.666719855913602	0.0232029274416907
ITGAX	3687	1.32384730714819	0.00028875818646291
ITGB2	3689	0.848305500729175	0.00192852077844789
ITIH3	3699	-1.8858394421293	9.05852087086822e-05
ITLN1	55600	0.613010396653304	0.0268531459699037
ITLN2	142683	-1.36976049338564	0.0130661291910903
JAK3	3718	0.674113271673316	0.0466429174229722
JUNB	3726	1.01652437263826	5.05771201674739e-05
KCND3	3752	1.83836444927489	1.77422544841745e-09
KCNE4	23704	0.689067858309895	0.00194149048073577
KCNH6	81033	-1.02504094049178	0.00063898819739358
KCNJ10	3766	1.6918302464029	0.00021766617474514
KCNJ13	3769	-3.46898721763974	3.22357709442048e-10
KCNJ15	3772	5.43180130387801	2.57385198494686e-19
KCNJ3	3760	-1.111861742557	0.000131104107168483
KCNJ8	3764	1.04717074130514	0.000760414596422595
KCNN3	3782	0.683540873491824	0.0107712246557557
KCNS3	3790	0.68152510743464	0.00423931383495216
KDR	3791	0.618329174337477	0.00817791839124789
KHK	3795	-1.67293905105527	1.21436222381935e-08
KIAA0319	9856	0.725971059828981	0.0010691673741304
KIF26B	55083	1.51272909102399	1.10981875525771e-05
KIF5C	3800	-0.595837869467516	0.0116820846088653
KIFC3	3801	0.732579837347644	0.00511592336352572
KLF2	10365	0.820368931867447	0.00879538578034721
KLHL5	51088	0.693785213527262	0.00583198628768725
KLK10	5655	3.59080051604103	7.86161368938489e-12
KLK12	43849	1.01997454766588	0.001462305148331
KMO	8564	0.797714940711671	0.0218252690492616
KRT7	3855	2.37374589931461	1.4069204609011e-08
KYNU	8942	2.07615558135467	1.04584996649196e-07
L1TD1	54596	1.49871346037109	0.000455905460458582
LAG3	3902	0.86512350552971	0.000767464522233749
LAMC2	3918	0.696345447549308	0.00165940693745236
LAMC3	10319	1.16031831329475	0.00434835397702439
LAMP3	27074	1.44884215479574	0.000103127150919518
LAX1	54900	1.10742654025978	0.000903652552764042
LCN2	3934	2.64673279774215	1.95052257521101e-09
LCP1	3936	0.691931881147213	0.0145948930164166
LCP2	3937	1.40460691205388	8.98498426636442e-07
LCT	3938	-5.33980226229227	1.04227412919381e-21
LDLR	3949	0.643928644476124	0.000638465507431213
LDLRAD3	143458	0.655142333066397	0.0118721641775024
LEAP2	116842	-0.720153845625581	0.0104510793493442
LGALS1	3956	0.710594021437711	0.00265153518712468
LILRA1	11024	1.69595774513003	1.60490756249461e-06
LILRA3	11026	4.47636562519639	5.56710802869002e-15
LILRA5	353514	2.49969059947425	3.78900264454212e-09
LILRA6	79168	1.75099841102594	1.76054253034905e-05
LILRB1	10859	0.964540099118154	0.00147800072599902
LILRB2	10288	1.96030432722133	3.33219138002416e-08
LILRB4	11006	1.37757628466985	8.54868194292526e-05
LINC00330	144817	-2.17676005642632	5.20622272271427e-05
LIPG	9388	0.945240429713547	1.26956380419311e-06
LOXL2	4017	1.36082395063715	7.29506193130232e-06
LPCAT1	79888	1.05579713631859	9.83794746556061e-07
LRAT	9227	-3.42617158268243	1.70999657151063e-14
LRG1	116844	0.88649987493595	0.000259502049750442
LRP8	7804	1.1268371293051	2.4458454504653e-05
LRRC15	131578	0.966597709887962	0.0315068746540835
LRRC25	126364	0.695701645138152	0.00510614972721904
LRRC32	2615	0.61354227365752	0.00622713229660378
LRRK2	120892	1.15608818606365	0.00059410954172489
LRRN2	10446	-0.655644423413109	0.0328642071132407
LST1	7940	0.815416871156325	0.000601363826505291
LTBP2	4053	0.760754997485785	0.016743238113068
LUM	4060	0.815800847342114	0.00661249095667045
LY6E	4061	0.761726817342288	0.001488709658498
LY96	23643	1.21490670646603	9.54759166938196e-05
LYN	4067	0.685042144148896	0.00016032927936851
LYPD5	284348	2.24758201878061	4.89329860261015e-11
LYZ	4069	0.595336468224835	0.0151902845693852
MAFF	23764	1.06043866456483	1.04043590514525e-05
MAOB	4129	-1.10763377588584	2.58570568308268e-05
MAP3K8	1326	0.894964988422361	9.57515949536565e-06
MAP7D2	256714	-0.700787558434752	0.00276355454807852
MAPK11	5600	0.900271794206537	0.0012124917163491
MAPK12	6300	0.673778130152807	0.00318438157133885
MASP1	5648	1.5793206574276	0.000290174719298197
MCAM	4162	0.794465992605626	0.00162084386620931
ME1	4199	0.646161161554631	0.000827214421966558
MEDAG	84935	2.09382242366481	9.10490242670419e-07
MEFV	4210	2.3611051965939	2.56432204245154e-09
MEI1	150365	0.765701730098009	0.00608885457508031
MEOX1	4222	1.00117139161387	0.000738319461744301
MEP1B	4225	-3.91847810417365	6.16519378366612e-15
MFAP2	4237	0.996356066063526	0.00191679409973695
MGAM	8972	-3.34550334402038	3.66726553072738e-11
MGP	4256	0.883923014637836	0.00237213404589039
MIAT	440823	0.937338036971679	0.00719887348351646
MICB	4277	0.729726728897414	0.00150445634099897
MIR146A	406938	0.819227207397807	0.00569929203965368
MIR155HG	114614	0.746242999866901	0.0439963493483943
MIR210HG	100506211	0.604964916298818	0.000216769321197841
MME	4311	-1.76691570562836	4.85638553701962e-06
MMP1	4312	5.75254176932966	2.16939392921952e-20
MMP10	4319	5.30353935925053	2.90817865165732e-19
MMP12	4321	2.01326384321889	1.23247637507033e-06
MMP13	4322	5.35073486033616	3.28445711348309e-13
MMP19	4327	1.35084506702912	3.00900699892718e-05
MMP2	4313	1.1517093477563	0.000675977610429248
MMP24	10893	-0.752787450756142	0.00532433133975273
MMP25	64386	0.979972219554224	0.000753040835120401
MMP3	4314	6.87918237913447	6.02847811580858e-25
MMP7	4316	5.06708857382588	1.00410976302302e-16
MMP9	4318	1.29233093686943	0.000724046061559864
MNDA	4332	1.90607083291193	2.4070616792067e-07
MRAP2	112609	0.685284496741466	8.89080662401105e-05
MRAS	22808	0.778428142257769	0.0020530943214417
MRGPRF	116535	0.680036599232066	0.0185739087467718
MRO	83876	-2.00299903363145	6.57534648445783e-08
MROH6	642475	0.740938958082138	0.000130318690561624
MS4A10	341116	-3.84391003373973	2.53371323120645e-14
MS4A8	83661	-0.885603916844862	0.000986465765711132
MSC	9242	1.02294776455974	0.00126214233542376
MSI1	4440	-0.703946348685561	0.000439911360497477
MTRNR2L8	100463486	0.777600016942605	0.0184183101996269
MTTP	4547	-4.0058632511332	1.73171293569332e-17
MUC17	140453	-0.984721120094209	0.00131468546693378
MUC5AC	4586	2.81170074260254	5.12991003219693e-07
MVD	4597	0.671433094222384	5.15715484337412e-06
MX2	4600	0.706628988641729	0.00566192259752473
MYEOV	26579	1.84346345525574	2.44956334626406e-06
MYO1F	4542	0.884572551068321	0.000327044913923805
MYO1G	64005	0.72757244655425	0.00762882880662382
MYRFL	196446	-2.1471521027935	2.76767159438227e-07
MZB1	51237	1.17162487417795	0.00101806676906161
NAALADL1	10004	-1.2497061524884	0.000104524008288314
NAMPT	10135	1.36553294344155	1.92391132060419e-07
NAP1L2	4674	-0.735851391947027	0.000648309941230729
NAT8	9027	-3.37006453490405	1.33860940710806e-09
NCF1	653361	0.696364643264337	0.0334309052465673
NCF1B	654816	0.674386890992089	0.0336161332764387
NCF1C	654817	0.766622691592103	0.0211369100113087
NCF2	4688	2.14745644854055	8.94486539259532e-11
NCOA7	135112	0.867225897863626	1.10104835133135e-05
NDUFA4L2	56901	0.800857940433179	0.00563625866799827
NELL2	4753	-0.935268291909435	0.000476387595047581
NFAM1	150372	1.02573118244139	0.000269255884579531
NFKBIZ	64332	1.30055516332647	2.15974637755776e-09
NKG7	4818	0.961719688154093	3.94610564409944e-05
NLRC4	58484	0.587205678984868	0.0213563450487125
NLRC5	84166	0.886120839822265	4.61048875306442e-07
NLRP3	114548	0.759032662678138	0.00686424582450451
NLRP6	171389	-1.72719026153223	1.00966868859854e-06
NNMT	4837	1.47112376565613	4.43569164942409e-05
NOD2	64127	0.837326764371926	0.00473016923897306
NOS2	4843	2.56282619259895	3.39407074430302e-10
NOTCH3	4854	1.15130341123932	0.000401418032751299
NOTCH4	4855	0.665032657551587	0.00342169845873151
NPC1L1	29881	-2.82285153563373	3.36931290794856e-08
NPY6R	4888	-0.718266238729095	0.00966260313386897
NR0B2	8431	-1.24046808552424	8.41329411789454e-05
NR1H4	9971	-1.86372972886181	8.6643575848787e-07
NR4A2	4929	0.773506843924937	0.00290341465444373
NR4A3	8013	2.10521626091704	6.66988249091689e-07
NRCAM	4897	1.08463354934652	0.00572304178529934
NRP2	8828	0.610796004966449	0.0135989070763564
NRROS	375387	0.587927239583913	0.0349381805832356
NRXN1	9378	-0.66112857564402	0.00170722729966308
NTS	4922	-3.40683852779311	2.57487864103435e-11
OAS2	4939	0.950592889798903	5.99515711045089e-05
OASL	8638	1.11611224915989	5.98745968604501e-05
OAT	4942	-0.961717841659476	1.30478875786514e-05
ODF3B	440836	1.41322162517959	6.19844397969266e-07
OLFM1	10439	0.668093103946356	0.0206091078947366
OLFM4	10562	2.32704700630393	2.80269347956553e-10
OLFML2B	25903	1.44970052819702	2.4327384452669e-05
OSM	5008	5.76535248765116	2.2507229804953e-21
OSMR	9180	0.849539208941545	0.0032578909923293
OTC	5009	-1.61707653407887	1.4197880438399e-06
OTOP3	347741	-0.988193626183961	0.0213235178082195
P2RX7	5027	1.0507893137228	0.000211036542480935
P2RY13	53829	0.849201400401135	0.00215952071630092
P2RY6	5031	0.687997339684907	0.00427119121794301
PALMD	54873	0.664537595786452	0.00787402807651005
PAPPA	5069	0.889234306133406	0.0038210172676381
PARP9	83666	0.879709401231834	1.2933632219728e-08
PCDH17	27253	1.19181826363872	0.000213179878369516
PCOLCE	5118	0.676408065535379	0.0256935205097151
PCSK2	5126	-0.748752926329732	0.0025333167064851
PCSK9	255738	1.90376713923399	1.4410777618334e-10
PDCD1LG2	80380	1.26129569895972	7.62101553640518e-05
PDE10A	10846	0.713993747802285	0.0160476616576128
PDE4B	5142	1.45404713044477	1.16228580308398e-05
PDGFRB	5159	0.926923442652099	0.00122130217601067
PDLIM7	9260	0.693440155401365	0.00138381709532026
PDPN	10630	2.3963335155691	2.42574672397319e-09
PDZK1	5174	-1.37598049650062	0.00073654561827936
PDZK1IP1	10158	1.34401001590035	9.52597054558867e-06
PFKFB3	5209	1.19928507299684	1.10739412922063e-05
PGC	5225	1.72938676605959	0.0082018339172339
PGF	5228	1.01977008617122	0.000682048509524313
PHEX	5251	-1.11829622185027	0.000431378819449966
PHLDA1	22822	0.972827280709866	0.000194195932498437
PHYHIPL	84457	-2.50755112490112	2.57236635877571e-12
PI15	51050	1.89356428188402	0.000220252330487162
PI3	5266	3.76872434634327	4.99847176884006e-16
PIK3C2G	5288	-0.733605915081081	0.0292368743579892
PIK3R3	8503	0.673907995994659	1.8316684168876e-05
PILRA	29992	1.95085756979502	7.38834962311102e-08
PIM2	11040	1.27019766833743	6.10118767584887e-05
PIM3	415116	0.746215790287352	0.000198504028075848
PKLR	5313	-1.7425523006119	2.78460144385405e-06
PLA1A	51365	1.3585324786977	4.23471473173738e-05
PLA2G12B	84647	-0.800725604854481	0.0146260233988879
PLA2G2A	5320	1.48339567495338	1.54928625092783e-08
PLA2G7	7941	0.900532808596019	0.00288317374043467
PLAC8	51316	0.700747628563083	0.000363062934924686
PLAU	5328	1.92768612333955	2.02247566410023e-08
PLAUR	5329	2.06159620486495	2.76274982546532e-08
PLB1	151056	-1.28687392633454	4.733425573114e-05
PLEK	5341	2.13366209837283	5.01151039992227e-08
PLEKHF1	79156	0.634208571000081	0.00212426110509648
PLEKHO1	51177	0.787895665431685	0.00250449741357971
PLEKHO2	80301	0.736998907645942	0.00188529585375403
PLK3	1263	0.63693109392643	0.00934908199119398
PLN	5350	0.885968932767056	0.000724459080302385
PML	5371	0.609720285169648	0.000182701831696082
PNLIPRP2	5408	-1.07802353020228	0.0194698317132747
PNRC2	55629	0.733754564605827	0.0353911223027527
PPP1R18	170954	0.672451739145358	0.0136829993275008
PRDM1	639	0.798002962979163	0.000324702969335975
PRF1	5551	0.990841526001033	9.76794102612741e-06
PRKG2	5593	-1.38738082179501	4.63938674177372e-06
PRODH	5625	-1.4090296305988	6.28355192683411e-06
PROK2	60675	5.91161743247144	7.55560268031004e-19
PRR16	51334	1.01738210238662	0.00153440369402732
PRRX1	5396	1.52322590872157	0.000939244482219269
PRSS22	64063	1.26335835775756	0.000364600893155236
PSAT1	29968	1.03881562442492	2.58734586328931e-05
PSMB9	5698	1.38947347415292	3.22618208655599e-11
PSME2P2	338099	0.723069009902673	1.39831105111144e-05
PSTPIP2	9050	0.585481604921679	0.00608037613545824
PTAFR	5724	1.17388581197628	2.88250560335475e-05
PTGDS	5730	0.89481759183105	0.0320249530160698
PTGES	9536	1.39272155674539	7.23109989262281e-06
PTGFR	5737	0.830724223219915	0.0142535491201648
PTGS2	5743	3.25517073418249	2.12707648749779e-11
PTP4A3	11156	1.04194783530408	0.000129715474336504
PTX3	5806	0.631573657176914	0.0440297647483407
PXDN	7837	0.674027461038823	0.0147306649557878
RAB31	11031	0.919905074614816	0.000144624862528165
RAB6B	51560	-0.61926127875642	0.0196855976608937
RAMP3	10268	0.974860342012787	0.000395569069635947
RARB	5915	0.611237287588059	0.0143666088702866
RASGRP4	115727	0.870340705841854	0.00144119587861423
RBP2	5948	-2.24916863889712	6.43364086401475e-08
REEP6	92840	-0.953729143229558	0.000500273573772598
REG3A	5068	-1.78680609432049	0.000295770141998991
REG3G	130120	-2.60373469723123	7.19789002371469e-06
REG4	83998	1.45268419498487	2.64606260599275e-05
RELT	84957	0.807364171438956	0.00279492167333784
RGCC	28984	0.619046603869858	0.0119526433390236
RGL4	266747	0.602057345491089	0.015263228114389
RGS16	6004	1.1712121245839	0.000550382792496733
RGS19	10287	0.653304052721918	0.0178122248798568
RGS4	5999	0.951099038525279	0.00199798333387716
RGS5	8490	1.20765468427554	1.4027963140834e-05
RHBDF2	79651	0.636474729102984	0.00661373398067702
RHOBTB2	23221	-0.602055219835247	0.0158976645368969
RHOH	399	0.796863955753071	0.0165837773587634
RILPL2	196383	0.969743226445319	0.000147049292154921
RIPK2	8767	0.676208818313611	0.00146162810916386
RND1	27289	2.34531621559002	2.3504062479352e-12
RNF24	11237	0.613867838104973	0.0017259195127473
RNU1-70P	107105264	-5.06451794830753	1.80746443089055e-14
ROBO4	54538	0.691081042810717	0.00281224024606356
RSAD2	91543	0.887054398850165	0.0014551898811567
S100A11	6282	1.06770571029337	2.23117660475403e-06
S100A12	6283	5.83769039779943	2.47414338382034e-15
S100A8	6279	5.77631088652666	3.67013787438913e-26
S100A9	6280	4.56891221252864	7.15226542399351e-21
S100P	6286	1.2145905164683	6.71120740888953e-05
S1PR4	8698	0.858974187790909	0.0198905155929879
SAA1	6288	7.4041267499272	1.14748251943397e-30
SAA2	6289	7.22844665438696	1.6921690056738e-23
SAMD9	54809	0.6242446976374	7.39461712581975e-06
SAMD9L	219285	1.11663413683599	2.75457375845054e-08
SAMSN1	64092	0.752828766051324	0.00416693069764722
SBNO2	22904	1.02355999718601	3.44575393788161e-07
SCARF1	8578	0.744437906535613	0.000982053045380848
SCD	6319	0.909807897567033	5.34663748289864e-06
SCIMP	388325	0.645289646778204	0.0193878473370519
SDK1	221935	1.50581664756157	1.32430127512843e-05
SELE	6401	4.45382727850083	3.5870200669569e-14
SELL	6402	1.15804906509137	0.00997063305873101
SELP	6403	1.67491074542429	4.60072140327548e-06
SELPLG	6404	0.59297530972241	0.0167285520127658
SEMA6B	10501	0.73026050745976	0.00351630558894074
SERPINB3	6317	9.17413469208033	1.12722355622605e-13
SERPINB5	5268	1.10565001176497	0.00160981555171905
SERPINB7	8710	8.41013645394949	2.66249297513933e-26
SERPINB9	5272	0.698991538238104	0.017881315766114
SERPINE1	5054	2.81920582333385	2.03425030965847e-10
SERPING1	710	0.662484762143236	0.0143165355071353
SERPINI1	5274	0.607447157278957	0.00973422361429306
SFRP2	6423	2.06623209777352	9.51049810204833e-05
SFRP5	6425	-2.87023636922123	6.01906471198034e-12
SGIP1	84251	1.04163780697198	0.000568326175930952
SH2D2A	9047	0.660361636935829	0.00222877754870196
SHBG	6462	-2.7091012689047	7.89829498280608e-11
SHCBP1	79801	0.615770445534954	0.00630449534986464
SHH	6469	0.798317152962494	0.00123967906451398
SI	6476	-0.638682490422313	0.0243579889637423
SIGLEC12	89858	0.845325362245024	0.0403642478446155
SIGLEC14	100049587	0.848145797687744	0.0393518243317242
SIGLEC5	8778	1.32241388190826	0.00237486395198107
SIGLEC9	27180	0.774794399238075	0.00547686655562522
SIRPB1	10326	1.69340008051826	3.09902071376913e-05
SIRPB2	284759	0.775823863045462	0.0086595167002923
SLA	6503	0.608153366651546	0.0224077651518938
SLAMF1	6504	0.970999667850527	0.00114859081980884
SLAMF7	57823	0.917531687849332	0.000979100246887073
SLAMF8	56833	1.05134687496809	0.000138038433827554
SLC10A2	6555	-4.2387133877919	1.63568812086322e-15
SLC11A1	6556	4.54686601478372	3.38992927982428e-18
SLC13A1	6561	-4.02014598151633	1.06978442247127e-13
SLC14A2	8170	-1.83556086439468	0.000487820042907859
SLC15A1	6564	-1.12440989687921	0.000648159747046759
SLC16A14	151473	0.9408474708499	1.36088291462253e-05
SLC16A3	9123	0.595167980144638	0.000841659261513537
SLC16A4	9122	-0.755755855317781	0.0161338321490978
SLC16A6	9120	1.02307181254412	0.000857540608632067
SLC17A8	246213	-2.07567667457371	1.73181713136433e-08
SLC17A9	63910	0.690340447756938	0.00751006875072756
SLC19A3	80704	-0.736333889092687	0.000480098565753208
SLC1A3	6507	1.87969321739891	4.77870181557209e-06
SLC22A3	6581	-0.663559334566417	0.010374459237294
SLC23A1	9963	-2.24782216434694	4.67651133793955e-11
SLC23A3	151295	-1.24340583421489	0.000181374176623859
SLC25A37	51312	0.634907030266707	0.000468890401424728
SLC25A48	153328	0.771133920813389	3.08032592747742e-05
SLC26A4	5172	2.28757877322201	5.6091546895778e-09
SLC28A1	9154	-4.32070597972369	6.88629744654294e-16
SLC2A2	6514	-4.84451155066747	7.75429287815113e-19
SLC2A3	6515	2.1193456047822	3.32796582729228e-08
SLC2A6	11182	0.954344357101471	0.00637540153120745
SLC34A2	10568	-2.97292030688282	3.13196569178649e-07
SLC34A3	142680	-3.86938249021022	2.89218517714719e-13
SLC38A4	55089	-2.12871634303984	1.57897576238695e-06
SLC3A1	6519	-1.27516077949601	5.18702003098766e-05
SLC43A3	29015	0.697514811368494	0.00342294150201774
SLC51A	200931	-1.29078750861463	0.00442717106260745
SLC52A1	55065	-1.21293560199459	0.000463392193844865
SLC5A11	115584	-1.53291919769207	8.94338132554539e-05
SLC5A12	159963	-3.23850284530867	5.30692152459923e-13
SLC5A4	6527	-3.44170686554728	4.51756872352762e-14
SLC5A9	200010	-1.74459367538489	9.97898669402218e-07
SLC6A14	11254	3.68322698159626	1.93075933729801e-12
SLC6A19	340024	-1.1623684964253	0.00881472357993676
SLC6A4	6532	-4.03982380777189	1.26145331534714e-15
SLC6A6	6533	0.605806078442017	0.0140018554303107
SLC7A11	23657	1.27445618251219	1.43725901314664e-06
SLC7A5	8140	1.45258768008108	7.26586159958954e-07
SLC7A9	11136	-3.83326297385727	1.72737832497287e-15
SLCO4A1	28231	0.819795832433349	0.000182217197194073
SLFN11	91607	0.61248876637554	0.0158531724725135
SLPI	6590	1.09073321142947	0.00405296193396126
SMLR1	100507203	-4.5082408234229	2.47360627595785e-13
SMOX	54498	0.963978531486549	4.70031889381938e-05
SNCAIP	9627	0.751413817488517	0.0056523898115769
SNPH	9751	1.18137864773442	4.94918285960559e-07
SNX10	29887	1.27985615763788	1.45354634127239e-05
SNX20	124460	0.720073877851381	0.0186490958586336
SOAT2	8435	-3.42086579521826	2.18796739303149e-10
SOCS1	8651	1.58173410766969	1.78883391112115e-06
SOCS3	9021	3.03717175588416	1.02616197627575e-14
SOD2	6648	1.54498607551457	1.70839803007059e-07
SORCS2	57537	0.894221954901552	0.00217153170828195
SOX6	55553	-0.994781644700813	8.83619651389355e-05
SP6	80320	0.754718839378991	5.30103899778166e-05
SPAG4	6676	1.04128132534397	0.000863271343788057
SPARC	6678	0.747031752110914	0.00498455683617798
SPHK1	8877	1.60953681107204	1.87778957348423e-06
SPI1	6688	1.21703555622618	4.65274301997844e-05
SPINK4	27290	2.15239688018108	2.43946645947255e-08
SPNS2	124976	1.05326229191693	8.73027479550566e-06
SPP1	6696	2.02048088431747	1.47712890684738e-05
SQLE	6713	0.632673783975795	7.07402626559865e-05
SRD5A3	79644	0.589112595097747	0.00302697399495972
SRGN	5552	2.08371124770691	2.23515966640147e-09
SRPX2	27286	1.53175490419811	1.0266873573854e-07
SRSF10	10772	0.661962173220806	0.00924920229940555
SSTR2	6752	-0.639058132153056	0.00565604356938586
SSUH2	51066	-0.988898041155382	0.0002972827390265
ST3GAL1	6482	1.10321992248709	7.79334156799298e-05
ST3GAL5	8869	0.626250724739493	0.013343858899601
STARD8	9754	0.653696666645394	0.00355105246747446
STAT1	6772	1.07409752533241	4.54028577152314e-07
STAT4	6775	0.622315360244583	0.00338318249798181
STC1	6781	2.61655392408737	1.89130335067612e-09
STEAP4	79689	1.61693956331356	9.14809895673917e-06
STOM	2040	0.900730521227303	1.41813483772988e-05
STRIP2	57464	1.63400788803052	6.17370706585882e-07
STS	412	0.871089933695819	2.11266722171118e-06
STX11	8676	1.37602098474388	1.44003774222923e-05
SUCNR1	56670	1.08900467607737	5.76829818799561e-05
SULT1E1	6783	-3.07453266718438	1.95734182219917e-10
SULT2A1	6822	-1.19356212654034	0.0196307249931814
SUSD2	56241	-2.1009561742733	1.79513438243617e-09
TACSTD2	4070	1.51245789548783	1.13396016252303e-05
TAGAP	117289	1.39774644394625	5.36228937520942e-05
TAP1	6890	1.04607394823341	1.89022523211436e-09
TAP2	6891	0.783437921573107	1.84423309382722e-08
TBX21	30009	0.908926144745921	0.000187703483088238
TCN1	6947	5.42612826175999	5.21992942824022e-21
TDO2	6999	2.49005626959877	1.2502168069749e-08
TENM4	26011	0.847626890645397	0.0161493926070817
TFF1	7031	1.17361025298322	0.000185292622260878
TFF2	7032	0.705713951040914	0.0468758453549286
TFPI2	7980	1.1948500617823	0.00558384661458162
TGFB3	7043	0.791418038354511	0.00516304850318364
TGFBI	7045	0.873671672949591	0.000771794452492013
TGM2	7052	1.50547254111188	8.17093220613113e-08
THBD	7056	0.884115244757935	0.00134794260205352
THBS2	7058	3.39076261662375	1.51251430195902e-11
THEMIS2	9473	1.05702457999206	0.000244795887718795
THY1	7070	1.08364711149689	0.00116270834245478
TIMP1	7076	1.60516557403148	3.56403128108922e-07
TLR2	7097	1.45695613752834	4.19570368430922e-06
TLR8	51311	1.19184917874788	0.000278398700495625
TM4SF1	4071	1.06078933084214	1.67819637248666e-05
TM4SF4	7104	-4.00652945897481	6.3018644202324e-17
TM6SF2	53345	-1.02057961478666	0.000797182790520753
TMEM132A	54972	1.30491994603974	8.35173405423954e-05
TMEM158	25907	1.28278331196291	0.000279756403173902
TMEM229A	730130	-2.37808855372519	3.07128978578989e-08
TMEM25	84866	-0.798183463840398	0.000218700608336891
TMEM252	169693	-3.64233796797825	5.21869388429494e-12
TMEM45A	55076	0.765778663359886	0.00527309138037507
TMEM71	137835	0.613475372936607	0.0193553117574513
TMPRSS15	5651	-3.61512207609288	3.27647647270811e-10
TMPRSS3	64699	0.808285446988659	0.000879002837631929
TMSB4XP6	7120	0.813847351528433	0.0049417548659123
TNC	3371	2.63077069082551	9.6136661007393e-10
TNF	7124	1.54311886871453	9.3233549195925e-06
TNFAIP2	7127	1.07136946032042	0.000244261560966473
TNFAIP3	7128	0.636530764737549	0.00104483205275452
TNFAIP6	7130	4.06863949774008	6.74778137290465e-14
TNFRSF10C	8794	2.66942371383018	3.98364445308277e-10
TNFRSF11B	4982	1.00779804874881	0.000397277013005537
TNFRSF12A	51330	0.609973936285361	0.0136916223501102
TNFRSF1B	7133	0.59576222843945	0.000833310800287465
TNFRSF9	3604	0.959696373037978	0.0140162499213376
TNFSF13B	10673	0.852722338293433	0.00400289630835441
TNFSF14	8740	0.624020724091171	0.00288162480989466
TNIP3	79931	5.29192418845818	5.04010537407963e-26
TPK1	27010	0.743570436273267	1.47899743340423e-07
TPPP	11076	-0.784374902036338	0.00331781140121818
TPST1	8460	0.634209308614205	0.0119650917878445
TRAF1	7185	0.736572994037565	0.0107215266648113
TREH	11181	-1.20418083586588	0.000241256505688934
TREM1	54210	5.10818603749534	3.0151335744357e-19
TREML2	79865	1.28725396697698	0.00551615037830868
TRGC1	6966	0.658424332285623	0.00416034958105325
TRIB2	28951	0.665027931562407	0.0129751409244017
TRIM15	89870	0.65605722736931	0.00198102520911437
TRIM22	10346	0.871595522722218	5.29482175387109e-05
TRIM29	23650	1.46507975332459	1.07082957665902e-05
TRIM40	135644	1.38373501479792	0.000159750733874603
TRIM69	140691	0.891151956510705	1.98143645346611e-08
TRPV2	51393	0.622787698823165	0.00686409442849666
TTR	7276	-0.685070534858687	0.00831243674091754
TUBB3	10381	0.987318307639863	0.0012431372341809
TUBB6	84617	0.669470699929286	0.00436707021293428
TYMP	1890	1.53897353380261	1.83500846001392e-08
TYROBP	7305	0.609643694274556	0.00651185985400326
UBE2L6	9246	1.22004194939105	2.89142694615871e-10
UGT2A3	79799	-0.669727668338476	0.0270050639457049
UGT2B7	7364	-0.818469018214147	0.0021954864399021
UGT3A1	133688	-4.39620677099987	2.25993801013854e-11
UNC13D	201294	0.891603516506104	1.54754563093835e-05
UNC5D	137970	-0.855991276833608	0.0019075641116481
USP18	11274	0.608170940494007	4.97715185931895e-05
USP30-AS1	100131733	0.774426029877838	2.32600841504792e-06
VAMP5	10791	0.946558000632784	4.93027935383828e-06
VASN	114990	1.25016552145277	0.000136963352680486
VNN1	8876	1.14929322285442	0.00150070297823399
VNN2	8875	1.59921912493264	0.000145977432342623
VSIG1	340547	3.02882560602552	6.75481458228741e-11
VSNL1	7447	1.03134454367994	0.00475628437031213
VWA1	64856	0.703970432286255	0.000503887551380216
VWF	7450	1.19657264927071	2.0427749070741e-05
WASF3	10810	-0.614302752736705	0.00170724327919617
WNT5A	7474	1.50400894649022	6.39915460616035e-06
XAF1	54739	0.687890350564489	0.000638625086682502
XDH	7498	0.636865609105576	0.00425966092907952
XKR9	389668	0.894657435130891	0.00169126082482687
ZAP70	7535	0.601203864942716	0.0390061621277865
ZBP1	81030	1.59101833923874	1.00646034123467e-08
ZC3H12A	80149	1.67707088822096	1.78273169713529e-10
ZFP36	7538	0.767223281862032	0.000358754781303103
ZG16B	124220	1.14330767227785	7.92726963221981e-08
ZMYND15	84225	0.756493590271872	0.000138534643082377
ZNF469	84627	1.0317645567637	0.000356237666622783
ZNF488	118738	-1.31807654445384	2.83678491498762e-06
